{"cameraMode":{"drawMode":0,"name":"Shaded","section":"Shading Mode"},"sceneLighting":false,"audioPlay":false,"sceneViewState":{"showFog":true,"showMaterialUpdate":false,"showSkybox":true,"showFlares":true,"showImageEffects":true,"showParticleSystems":true},"in2DMode":false,"pivot":{"x":-2.8855419158935549,"y":1.499267816543579,"z":0.0},"rotation":{"x":0.1285599321126938,"y":-0.35779136419296267,"z":0.049803949892520908,"w":0.9235677123069763},"size":8.914422988891602,"orthographic":false}