{"cameraMode":{"drawMode":0,"name":"Shaded","section":"Shading Mode"},"sceneLighting":false,"audioPlay":false,"sceneViewState":{"showFog":true,"showMaterialUpdate":false,"showSkybox":true,"showFlares":true,"showImageEffects":true,"showParticleSystems":true},"in2DMode":false,"pivot":{"x":14.57666301727295,"y":-5.8838982582092289,"z":-4.967853546142578},"rotation":{"x":0.11698704212903977,"y":-0.030383417382836343,"z":0.0035803497303277256,"w":0.9926621317863464},"size":23.711668014526368,"orthographic":false}